operon_id,gene_id,order
operon_1996,g11772,1
operon_1996,g11771,2
operon_1996,g11770,3
operon_1995,g11769,1
operon_1995,g11768,2
operon_1995,g11767,3
operon_1994,g11766,1
operon_1994,g11765,2
operon_1989,g11732,1
operon_1989,g11731,2
operon_1986,g11715,1
operon_1986,g11714,2
operon_1985,g11713,1
operon_1985,g11712,2
operon_1983,g11702,1
operon_1983,g11701,2
operon_1982,g11700,1
operon_1982,g11699,2
operon_1982,g11698,3
operon_1982,g11697,4
operon_1979,g11681,1
operon_1979,g11680,2
operon_1979,g11679,3
operon_1977,g11668,1
operon_1977,g11667,2
operon_1976,g11666,1
operon_1976,g11665,2
operon_1971,g11642,1
operon_1971,g11641,2
operon_1968,g11625,1
operon_1968,g11624,2
operon_1967,g11623,1
operon_1967,g11622,2
operon_1967,g11621,3
operon_1967,g11620,4
operon_1966,g11619,1
operon_1966,g11618,2
operon_1963,g11610,1
operon_1963,g11609,2
operon_1960,g11602,1
operon_1960,g11601,2
operon_1958,g11592,1
operon_1958,g11591,2
operon_1956,g11587,1
operon_1956,g11586,2
operon_1956,GSOIDG00002353001,3
operon_1956,g11585,4
operon_1956,g11584,5
operon_1956,g11583,6
operon_1956,g11582,7
operon_1955,g11578,1
operon_1955,g11577,2
operon_1954,GSOIDG00017222001,1
operon_1954,g11567,2
operon_1952,g11566,1
operon_1952,g11565,2
operon_1952,g11564,3
operon_1952,g11563,4
operon_1950,g11541,1
operon_1950,g11540,2
operon_1950,g11539,3
operon_1950,g11538,4
operon_1948,g11528,1
operon_1948,g11527,2
operon_1948,g11526,3
operon_1948,g11525,4
operon_1947,g11518,1
operon_1947,g11517,2
operon_1947,g11516,3
operon_1940,g11495,1
operon_1940,g11494,2
operon_1936,g11470,1
operon_1936,g11469,2
operon_1934,g11464,1
operon_1934,g11463,2
operon_1930,g11449,1
operon_1930,g11448,2
operon_1927,g11436,1
operon_1927,g11435,2
operon_1926,GSOIDG00002332001,1
operon_1926,GSOIDG00002331001,2
operon_1918,g11391,1
operon_1918,g11390,2
operon_1907,g11325,1
operon_1907,g11324,2
operon_1906,g11323,1
operon_1906,g11322,2
operon_1902,g11303,1
operon_1902,g11302,2
operon_402,g7224,1
operon_402,g7223,2
operon_401,g7219,1
operon_401,g7218,2
operon_1894,g11236,1
operon_1894,g11235,2
operon_1894,g11234,3
operon_1893,g11233,1
operon_1893,g11232,2
operon_1893,g11231,3
operon_1892,g11227,1
operon_1892,g11226,2
operon_1892,g11225,3
operon_1892,g11224,4
operon_1892,g11223,5
operon_1892,g11222,6
operon_397,g7196,1
operon_397,g7195,2
operon_396,g7194,1
operon_396,g7193,2
operon_1887,g11197,1
operon_1887,g11196,2
operon_1884,g11187,1
operon_1884,g11186,2
operon_1884,g11185,3
operon_1884,g11184,4
operon_1883,g11182,1
operon_1883,g11181,2
operon_1883,g11180,3
operon_1878,g11167,1
operon_1878,g11166,2
operon_388,g7145,1
operon_388,g7144,2
operon_386,g7136,1
operon_386,g7135,2
operon_386,g7134,3
operon_386,g7133,4
operon_382,g7128,1
operon_382,g7127,2
operon_381,g7120,1
operon_381,g7119,2
operon_381,g7118,3
operon_380,g7117,1
operon_380,g7116,2
operon_380,g7115,3
operon_379,g7112,1
operon_379,g7111,2
operon_378,g7109,1
operon_378,g7108,2
operon_1874,g11131,1
operon_1874,g11130,2
operon_1874,g11129,3
operon_376,g7096,1
operon_376,g7095,2
operon_1870,g11114,1
operon_1870,g11113,2
operon_375,g7087,1
operon_1869,g11111,1
operon_375,g7086,2
operon_1869,g11110,2
operon_374,g7085,1
operon_374,g7084,2
operon_1868,g11108,1
operon_1868,g11107,2
operon_1868,g11106,3
operon_1867,g11104,1
operon_373,g7080,1
operon_1867,g11103,2
operon_373,g7079,2
operon_1866,g11096,1
operon_1866,g11095,2
operon_1864,g11084,1
operon_1864,g11083,2
operon_1863,g11078,1
operon_1863,g11077,2
operon_1863,g11076,3
operon_1861,g11073,1
operon_370,g7065,1
operon_370,g7064,2
operon_1861,g11072,2
operon_1860,g11070,1
operon_1860,g11069,2
operon_1859,g11067,1
operon_1859,g11066,2
operon_368,g7050,1
operon_368,g7049,2
operon_1856,g11050,1
operon_1856,g11049,2
operon_1856,g11048,3
operon_1856,g11047,4
operon_365,g7040,1
operon_365,g7039,2
operon_1854,g11042,1
operon_1854,g11041,2
operon_1853,g11040,1
operon_1853,g11039,2
operon_1853,g11038,3
operon_1852,g11036,1
operon_1852,g11035,2
operon_1851,g11034,1
operon_1851,g11033,2
operon_1851,g11032,3
operon_1851,g11031,4
operon_1849,g11025,1
operon_1849,g11024,2
operon_1849,g11023,3
operon_1849,g11022,4
operon_1849,g11021,5
operon_1849,g11020,6
operon_362,g7027,1
operon_1849,g11019,7
operon_1848,g11018,1
operon_362,g7026,2
operon_1848,g11017,2
operon_361,g7025,1
operon_1848,g11016,3
operon_1848,g11015,4
operon_361,g7024,2
operon_358,GSOIDG00000300001,1
operon_358,g7011,2
operon_1844,g10997,1
operon_1844,g10996,2
operon_357,g7005,1
operon_357,g7004,2
operon_357,g7003,3
operon_357,g7002,4
operon_356,g7001,1
operon_356,g7000,2
operon_356,g6999,3
operon_356,g6998,4
operon_356,g6997,5
operon_355,g6996,1
operon_355,g6995,2
operon_355,g6994,3
operon_354,g6991,1
operon_354,g6990,2
operon_353,g6989,1
operon_353,g6988,2
operon_353,g6987,3
operon_353,g6986,4
operon_353,g6985,5
operon_353,g6984,6
operon_352,g6983,1
operon_352,g6982,2
operon_351,g6980,1
operon_1841,g10976,1
operon_1841,g10975,2
operon_351,g6979,2
operon_1840,g10972,1
operon_1840,g10971,2
operon_1840,g10970,3
operon_1840,g10969,4
operon_1840,g10968,5
operon_1840,g10967,6
operon_345,g6959,1
operon_345,g6958,2
operon_345,g6957,3
operon_343,g6955,1
operon_343,g6954,2
operon_342,g6951,1
operon_342,g6950,2
operon_1831,g10929,1
operon_1831,g10928,2
operon_1831,g10927,3
operon_1831,g10926,4
operon_341,g6946,1
operon_341,g6945,2
operon_1830,g10922,1
operon_1830,g10921,2
operon_1829,g10915,1
operon_1829,g10914,2
operon_1829,g10913,3
operon_1829,g10912,4
operon_1826,g10900,1
operon_1826,g10899,2
operon_1826,g10898,3
operon_1825,g10895,1
operon_339,g6932,1
operon_339,g6931,2
operon_1825,g10894,2
operon_338,g6927,1
operon_338,g6926,2
operon_337,g6921,1
operon_337,g6920,2
operon_337,g6919,3
operon_337,g6918,4
operon_337,g6917,5
operon_337,g6916,6
operon_335,g6915,1
operon_335,g6914,2
operon_334,g6913,1
operon_334,g6912,2
operon_334,g6911,3
operon_333,g6909,1
operon_333,g6908,2
operon_333,g6907,3
operon_1822,g10871,1
operon_1822,g10870,2
operon_328,GSOIDG00017485001,1
operon_328,g6890,2
operon_328,g6889,3
operon_1820,g10851,1
operon_1820,g10850,2
operon_1819,g10847,1
operon_1819,g10846,2
operon_1819,g10845,3
operon_1819,g10844,4
operon_1819,g10843,5
operon_1817,g10837,1
operon_1817,g10836,2
operon_1817,g10835,3
operon_1816,g10833,1
operon_1816,g10832,2
operon_1816,GSOIDG00010477001,3
operon_1814,g10829,1
operon_1814,g10828,2
operon_319,g6844,1
operon_319,g6843,2
operon_319,g6842,3
operon_319,g6841,4
operon_2303,g3196,1
operon_2303,g3195,2
operon_2303,g3194,3
operon_2303,g3193,4
operon_2302,g3192,1
operon_2302,g3191,2
operon_312,GSOIDG00017524001,1
operon_312,g6817,2
operon_311,g6816,1
operon_311,g6815,2
operon_311,g6814,3
operon_311,g6813,4
operon_310,g6812,1
operon_310,g6811,2
operon_310,g6810,3
operon_309,g6809,1
operon_1810,g10799,1
operon_1810,g10798,2
operon_309,g6808,2
operon_308,g6807,1
operon_308,g6806,2
operon_2296,g3164,1
operon_2296,g3163,2
operon_1808,g10789,1
operon_1808,g10788,2
operon_2295,g3160,1
operon_1808,g10787,3
operon_2295,g3159,2
operon_2294,g3158,1
operon_2294,g3157,2
operon_1806,g10782,1
operon_1117,g15384,1
operon_1806,g10781,2
operon_1117,g15383,2
operon_304,g6781,1
operon_304,g6780,2
operon_304,g6779,3
operon_1115,g15375,1
operon_2288,g3130,1
operon_2288,g3129,2
operon_2288,GSOIDG00009140001,3
operon_2288,g3128,4
operon_1115,g15374,2
operon_2287,g3126,1
operon_2287,g3125,2
operon_1801,g10746,1
operon_1801,g10745,2
operon_2287,g3124,3
operon_1801,g10744,3
operon_299,g6754,1
operon_299,g6753,2
operon_1797,g10729,1
operon_297,g6748,1
operon_1797,g10728,2
operon_297,g6747,2
operon_1797,g10727,3
operon_1797,g10726,4
operon_1797,g10725,5
operon_1797,g10724,6
operon_1797,g10723,7
operon_1109,g15345,1
operon_1109,g15344,2
operon_2285,g3106,1
operon_2285,g3105,2
operon_1796,g10715,1
operon_1796,g10714,2
operon_1109,g15343,3
operon_1108,GSOIDG00010377001,1
operon_1108,GSOIDG00010376001,2
operon_292,g6726,1
operon_292,g6725,2
operon_1793,g10702,1
operon_1793,g10701,2
operon_1793,g10700,3
operon_2282,g3092,1
operon_1790,g10697,1
operon_1790,g10696,2
operon_1790,g10695,3
operon_1790,g10694,4
operon_2282,g3091,2
operon_2282,g3090,3
operon_1790,g10693,5
operon_291,g6718,1
operon_291,g6717,2
operon_291,g6716,3
operon_290,g6715,1
operon_1105,g15324,1
operon_290,g6714,2
operon_1105,g15323,2
operon_1789,g10688,1
operon_1789,g10687,2
operon_1104,g15322,1
operon_1104,g15321,2
operon_1103,g15318,1
operon_1103,g15317,2
operon_1103,g15316,3
operon_1103,GSOIDG00010344001,4
operon_1103,g15315,5
operon_286,g6705,1
operon_286,g6704,2
operon_286,g6703,3
operon_286,g6702,4
operon_286,g6701,5
operon_1787,g10675,1
operon_286,g6700,6
operon_285,g6698,1
operon_285,g6697,2
operon_1787,g10674,2
operon_284,g6696,1
operon_1786,g10673,1
operon_284,g6695,2
operon_283,g6694,1
operon_1786,g10672,2
operon_283,g6693,2
operon_282,g6690,1
operon_282,g6689,2
operon_281,g6688,1
operon_1099,g15303,1
operon_1099,g15302,2
operon_281,g6687,2
operon_1099,g15301,3
operon_1096,g15291,1
operon_1096,g15290,2
operon_1096,g15289,3
operon_1784,g10659,1
operon_1784,g10658,2
operon_1784,g10657,3
operon_1784,g10656,4
operon_1095,g15281,1
operon_1783,g10648,1
operon_1095,g15280,2
operon_1783,g10647,2
operon_276,g6653,1
operon_276,g6652,2
operon_275,g6650,1
operon_275,g6649,2
operon_274,g6646,1
operon_2274,g3047,1
operon_2274,GSOIDG00009155001,2
operon_2274,g3046,3
operon_274,g6645,2
operon_2274,g3045,4
operon_274,g6644,3
operon_274,g6642,4
operon_274,g6641,5
operon_273,g6640,1
operon_273,g6639,2
operon_1094,g15258,1
operon_273,g6638,3
operon_272,g6637,1
operon_1094,g15257,2
operon_1093,g15256,1
operon_272,g6636,2
operon_1093,g15255,2
operon_271,g6634,1
operon_271,g6633,2
operon_270,g6630,1
operon_270,g6629,2
operon_270,g6628,3
operon_269,g6625,1
operon_269,GSOIDG00000748001,2
operon_269,GSOIDG00000747001,3
operon_269,GSOIDG00000746001,4
operon_269,GSOIDG00000745001,5
operon_269,GSOIDG00000744001,6
operon_269,g6622,7
operon_1087,g15234,1
operon_1087,g15233,2
operon_1086,g15232,1
operon_1086,g15231,2
operon_1085,g15229,1
operon_1085,g15228,2
operon_1777,g10584,1
operon_1777,g10583,2
operon_1776,g10580,1
operon_1084,g15223,1
operon_1776,g10579,2
operon_1084,g15222,2
operon_1776,g10578,3
operon_1776,g10577,4
operon_1775,g10576,1
operon_2266,g3014,1
operon_1775,g10575,2
operon_1775,g10574,3
operon_1083,g15217,1
operon_2266,g3012,2
operon_1083,g15216,2
operon_1082,g15215,1
operon_1082,g15214,2
operon_262,g6591,1
operon_262,g6590,2
operon_1080,g15213,1
operon_1080,g15212,2
operon_1080,g15211,3
operon_260,g6585,1
operon_260,g6584,2
operon_260,g6583,3
operon_1078,g15198,1
operon_1078,g15197,2
operon_1078,g15196,3
operon_1078,g15195,4
operon_1078,g15194,5
operon_2261,g2989,1
operon_2261,g2988,2
operon_2260,g2987,1
operon_2260,g2986,2
operon_1771,g10556,1
operon_1771,g10555,2
operon_1077,g15189,1
operon_2259,g2984,1
operon_1077,g15188,2
operon_2259,g2983,2
operon_2259,g2982,3
operon_257,g6557,1
operon_257,g6556,2
operon_256,g6555,1
operon_256,g6554,2
operon_2258,g2979,1
operon_1076,g15183,1
operon_2258,g2978,2
operon_1076,g15182,2
operon_1076,g15181,3
operon_1075,g15180,1
operon_1075,g15179,2
operon_2256,g2975,1
operon_2256,g2974,2
operon_1074,g15177,1
operon_1074,g15176,2
operon_1769,g10548,1
operon_1769,g10547,2
operon_1074,g15175,3
operon_253,g6548,1
operon_253,g6547,2
operon_252,g6544,1
operon_252,g6543,2
operon_250,g6541,1
operon_1073,g15169,1
operon_250,g6540,2
operon_1073,GSOIDG00007836001,2
operon_1073,g15168,3
operon_1767,GSOIDG00009820001,1
operon_1767,g10531,2
operon_1767,g10530,3
operon_1767,g10529,4
operon_1767,g10528,5
operon_1767,g10527,6
operon_2253,g2957,1
operon_2253,g2956,2
operon_2253,g2955,3
operon_2251,g2951,1
operon_2251,g2950,2
operon_2251,GSOIDG00003674001,3
operon_2251,g2949,4
operon_2250,g2947,1
operon_1764,GSOIDG00013849001,1
operon_1764,GSOIDG00013848001,2
operon_1764,GSOIDG00013847001,3
operon_2250,g2946,2
operon_1764,GSOIDG00016227001,4
operon_1764,g10514,5
operon_1764,g10513,6
operon_1066,g15147,1
operon_1763,g10512,1
operon_2249,g2944,1
operon_2249,g2943,2
operon_2249,g2942,3
operon_1763,g10511,2
operon_2249,g2941,4
operon_1066,g15146,2
operon_2249,g2940,5
operon_2249,g2939,6
operon_1762,g10508,1
operon_1762,g10507,2
operon_2248,g2937,1
operon_2248,g2936,2
operon_1761,g10504,1
operon_1761,g10503,2
operon_2247,GSOIDG00003695001,1
operon_2247,g2931,2
operon_2247,g2930,3
operon_2247,g2929,4
operon_2247,g2928,5
operon_243,g6489,1
operon_243,g6488,2
operon_2245,g2925,1
operon_2245,g2923,2
operon_1759,g10495,1
operon_2245,g2922,3
operon_1759,g10494,2
operon_2245,g2921,4
operon_242,g6484,1
operon_242,g6483,2
operon_242,g6482,3
operon_1758,g10492,1
operon_1758,g10491,2
operon_1757,g10486,1
operon_1757,g10485,2
operon_1757,g10484,3
operon_1757,g10482,4
operon_1756,g10480,1
operon_1756,g10479,2
operon_1755,g10478,1
operon_1755,g10477,2
operon_1754,g10476,1
operon_1754,g10475,2
operon_1753,g10474,1
operon_1753,g10473,2
operon_2238,g2892,1
operon_1061,g15116,1
operon_1061,g15115,2
operon_2238,g2891,2
operon_2236,g2888,1
operon_2236,g2887,2
operon_1751,g10460,1
operon_1751,g10459,2
operon_1751,g10458,3
operon_1751,g10457,4
operon_2233,g2883,1
operon_2233,g2882,2
operon_237,g6446,1
operon_237,g6445,2
operon_236,g6435,1
operon_2232,g2875,1
operon_236,g6434,2
operon_2232,g2874,2
operon_1746,g10432,1
operon_1746,g10431,2
operon_2229,g2861,1
operon_2229,g2860,2
operon_1741,g10418,1
operon_2228,g2858,1
operon_2228,g2857,2
operon_1741,g10417,2
operon_232,g6413,1
operon_232,g6412,2
operon_2226,g2854,1
operon_2226,g2853,2
operon_2226,g2852,3
operon_2226,g2851,4
operon_1057,g15085,1
operon_1057,g15084,2
operon_229,g6395,1
operon_229,g6394,2
operon_1055,g15074,1
operon_1055,g15073,2
operon_1054,g15072,1
operon_1734,g10385,1
operon_1054,g15071,2
operon_1734,g10384,2
operon_1052,g15069,1
operon_1052,g15068,2
operon_227,GSOIDG00014393001,1
operon_1051,g15065,1
operon_227,g6385,2
operon_1051,g15064,2
operon_1051,g15063,3
operon_1730,g10362,1
operon_1730,g10361,2
operon_1728,g10356,1
operon_1728,g10355,2
operon_1728,g10354,3
operon_1727,g10353,1
operon_1727,g10352,2
operon_1726,g10347,1
operon_2216,g2791,1
operon_2216,g2790,2
operon_1049,g15036,1
operon_2216,g2789,3
operon_1049,g15035,2
operon_1726,g10346,2
operon_1048,g15033,1
operon_1048,g15032,2
operon_1724,g10344,1
operon_1724,g10343,2
operon_1724,GSOIDG00004439001,3
operon_1724,g10342,4
operon_1723,g10341,1
operon_1723,g10340,2
operon_1722,g10339,1
operon_1722,g10338,2
operon_219,g6345,1
operon_219,g6343,2
operon_1721,g10337,1
operon_1721,g10336,2
operon_1721,g10335,3
operon_1721,g10334,4
operon_1720,g10333,1
operon_1720,g10332,2
operon_216,g6331,1
operon_216,g6330,2
operon_1040,g15008,1
operon_215,g6327,1
operon_215,g6326,2
operon_215,g6325,3
operon_1718,g10321,1
operon_215,g6324,4
operon_1718,g10320,2
operon_1040,g15007,2
operon_215,g6323,5
operon_1040,g15006,3
operon_214,g6321,1
operon_214,g6320,2
operon_213,g6318,1
operon_213,g6317,2
operon_2211,g2755,1
operon_2211,g2754,2
operon_2211,g2753,3
operon_2210,g2752,1
operon_2210,GSOIDG00011636001,2
operon_1715,g10306,1
operon_1715,GSOIDG00016303001,2
operon_1715,g10305,3
operon_1714,GSOIDG00004402001,1
operon_1714,GSOIDG00004401001,2
operon_1713,GSOIDG00004400001,1
operon_1713,g10301,2
operon_1713,g10300,3
operon_1711,g10295,1
operon_1711,g10294,2
operon_1036,g14986,1
operon_1036,g14985,2
operon_2208,g2733,1
operon_2208,g2732,2
operon_210,g6299,1
operon_2207,g2731,1
operon_210,g6298,2
operon_2207,g2730,2
operon_210,g6297,3
operon_209,g6296,1
operon_1035,g14978,1
operon_1035,g14977,2
operon_209,g6295,2
operon_1034,g14975,1
operon_1034,g14974,2
operon_2204,g2721,1
operon_2204,g2720,2
operon_2204,g2719,3
operon_2204,g2718,4
operon_2203,g2717,1
operon_2203,g2716,2
operon_1031,g14960,1
operon_1031,g14959,2
operon_1708,g10278,1
operon_207,g6283,1
operon_1708,g10277,2
operon_207,g6282,2
operon_1708,g10276,3
operon_1708,g10275,4
operon_1030,g14956,1
operon_1030,g14955,2
operon_206,g6275,1
operon_1029,g14952,1
operon_206,g6274,2
operon_1029,g14951,2
operon_206,g6273,3
operon_206,g6272,4
operon_1028,g14950,1
operon_206,g6271,5
operon_1028,g14949,2
operon_206,g6270,6
operon_1028,g14948,3
operon_206,g6269,7
operon_206,g6268,8
operon_2200,g2696,1
operon_2200,g2695,2
operon_2200,g2694,3
operon_2199,GSOIDG00011698001,1
operon_2199,g2691,2
operon_1024,g14936,1
operon_1024,g14935,2
operon_1707,g10267,1
operon_1023,g14931,1
operon_1707,g10266,2
operon_1023,g14930,2
operon_1707,g10265,3
operon_1022,g14929,1
operon_1022,g14928,2
operon_1706,g10262,1
operon_1706,g10261,2
operon_2196,g2678,1
operon_2196,g2677,2
operon_2196,g2676,3
operon_2194,g2674,1
operon_2194,g2673,2
operon_1021,g14912,1
operon_1021,g14911,2
operon_1700,g10241,1
operon_1700,g10240,2
operon_1700,g10239,3
operon_1018,g14901,1
operon_1018,g14900,2
operon_1699,g10222,1
operon_1699,g10221,2
operon_1698,g10220,1
operon_1698,g10219,2
operon_1697,g10217,1
operon_1697,g10216,2
operon_1697,g10215,3
operon_1697,g10214,4
operon_1697,g10213,5
operon_2193,g2650,1
operon_2193,g2649,2
operon_1695,g10204,1
operon_2192,g2643,1
operon_2192,g2642,2
operon_1695,g10203,2
operon_2192,g2641,3
operon_2191,g2638,1
operon_2191,g2637,2
operon_203,g6226,1
operon_2190,g2636,1
operon_203,g6225,2
operon_2190,g2635,2
operon_2190,g2634,3
operon_2190,g2633,4
operon_202,g6223,1
operon_202,g6222,2
operon_202,g6221,3
operon_2187,g2624,1
operon_2187,g2623,2
operon_2187,g2622,3
operon_2187,g2621,4
operon_2186,g2619,1
operon_201,g6213,1
operon_2186,g2618,2
operon_201,GSOIDG00000468001,2
operon_2186,g2617,3
operon_2186,g2616,4
operon_2185,g2615,1
operon_2185,g2614,2
operon_201,g6212,3
operon_201,g6211,4
operon_200,g6209,1
operon_200,g6208,2
operon_1011,g14863,1
operon_1011,g14862,2
operon_198,g6201,1
operon_198,g6200,2
operon_194,g6194,1
operon_1009,g14853,1
operon_194,g6193,2
operon_1689,g10177,1
operon_1009,g14852,2
operon_1689,g10176,2
operon_1009,g14851,3
operon_1006,g14845,1
operon_1006,g14844,2
operon_1687,g10166,1
operon_1687,g10165,2
operon_1687,g10164,3
operon_192,g6178,1
operon_1686,g10163,1
operon_192,g6177,2
operon_1686,g10162,2
operon_1685,g10161,1
operon_192,g6176,3
operon_1685,g10160,2
operon_2180,g2587,1
operon_2180,g2586,2
operon_1005,g14834,1
operon_1005,GSOIDG00012728001,2
operon_1005,GSOIDG00012727001,3
operon_2180,g2585,3
operon_1005,g14832,4
operon_1005,g14831,5
operon_189,g6162,1
operon_189,g6161,2
operon_189,g6160,3
operon_1681,g10146,1
operon_1004,g14826,1
operon_1004,g14825,2
operon_1681,g10145,2
operon_188,g6156,1
operon_188,g6155,2
operon_2178,g2573,1
operon_2178,g2572,2
operon_1680,g10140,1
operon_1680,g10139,2
operon_2177,g2571,1
operon_2177,g2570,2
operon_2177,g2569,3
operon_2177,g2568,4
operon_2176,GSOIDG00011307001,1
operon_2176,g2564,2
operon_2176,g2563,3
operon_2176,g2562,4
operon_2174,g2556,1
operon_2174,g2555,2
operon_184,g6129,1
operon_184,g6128,2
operon_182,g6123,1
operon_182,g6122,2
operon_2173,g2545,1
operon_2173,g2544,2
operon_996,g14776,1
operon_181,g6114,1
operon_996,g14775,2
operon_181,g6113,2
operon_181,g6112,3
operon_180,g6109,1
operon_180,GSOIDG00000334001,2
operon_1675,g10099,1
operon_1675,g10098,2
operon_2172,g2540,1
operon_1675,g10097,3
operon_2172,g2539,2
operon_1675,g10096,4
operon_2172,g2538,3
operon_1675,g10095,5
operon_1674,g10094,1
operon_1674,g10093,2
operon_2171,g2536,1
operon_2171,g2535,2
operon_2170,g2530,1
operon_2170,g2529,2
operon_2170,g2528,3
operon_1668,g10073,1
operon_1668,g10072,2
operon_1667,g10069,1
operon_1667,g10068,2
operon_992,g14750,1
operon_992,g14749,2
operon_175,g6086,1
operon_175,g6085,2
operon_175,g6084,3
operon_991,g14745,1
operon_175,g6083,4
operon_175,g6082,5
operon_991,g14744,2
operon_1663,g10059,1
operon_1663,g10058,2
operon_1661,g10055,1
operon_174,g6075,1
operon_1661,g10054,2
operon_174,g6074,2
operon_2165,g2504,1
operon_174,GSOIDG00000371001,3
operon_2165,g2503,2
operon_988,g14732,1
operon_988,g14731,2
operon_1660,GSOIDG00012435001,1
operon_1660,g10041,2
operon_1659,g10036,1
operon_985,g14721,1
operon_1659,g10035,2
operon_985,g14720,2
operon_171,g6051,1
operon_171,g6050,2
operon_171,g6049,3
operon_1657,g10023,1
operon_1657,g10022,2
operon_982,g14711,1
operon_982,g14710,2
operon_979,g14699,1
operon_979,g14698,2
operon_1653,g10007,1
operon_1653,g10006,2
operon_2161,g2465,1
operon_2161,g2464,2
operon_978,GSOIDG00003819001,1
operon_978,GSOIDG00003818001,2
operon_1651,g9999,1
operon_1651,g9998,2
operon_1651,g9997,3
operon_1651,g9996,4
operon_1651,g9995,5
operon_1651,g9994,6
operon_1651,g9993,7
operon_2160,g2460,1
operon_1651,g9992,8
operon_1651,g9991,9
operon_1651,g9990,10
operon_2160,g2459,2
operon_1650,g9989,1
operon_1650,g9988,2
operon_2160,g2458,3
operon_2159,g2457,1
operon_2159,g2456,2
operon_1649,g9979,1
operon_1649,g9978,2
operon_1647,g9970,1
operon_1647,g9969,2
operon_2154,g2431,1
operon_2154,g2430,2
operon_1642,g9952,1
operon_1642,g9951,2
operon_1636,g9925,1
operon_1636,g9924,2
operon_970,g14644,1
operon_970,g14643,2
operon_969,g14639,1
operon_969,g14638,2
operon_969,g14637,3
operon_968,g14635,1
operon_968,g14634,2
operon_157,g5956,1
operon_967,g14632,1
operon_967,g14631,2
operon_157,g5955,2
operon_156,g5953,1
operon_966,g14627,1
operon_156,g5952,2
operon_1634,g9915,1
operon_1634,g9914,2
operon_966,g14626,2
operon_965,g14620,1
operon_965,g14619,2
operon_965,g14617,3
operon_964,g14616,1
operon_964,g14615,2
operon_154,g5939,1
operon_154,g5938,2
operon_963,g14614,1
operon_154,g5937,3
operon_963,g14613,2
operon_153,g5936,1
operon_1632,g9902,1
operon_153,g5935,2
operon_153,g5934,3
operon_1632,g9901,2
operon_153,g5933,4
operon_153,g5932,5
operon_1632,g9900,3
operon_152,g5931,1
operon_152,g5930,2
operon_1632,g9899,4
operon_2144,g2379,1
operon_2144,g2378,2
operon_960,g14603,1
operon_2143,g2377,1
operon_960,g14602,2
operon_2143,g2376,2
operon_149,g5918,1
operon_958,g14595,1
operon_958,g14594,2
operon_957,g14593,1
operon_957,g14592,2
operon_2141,g2370,1
operon_149,g5917,2
operon_2141,g2369,2
operon_2141,g2368,3
operon_148,g5914,1
operon_2141,g2367,4
operon_148,g5913,2
operon_2141,g2366,5
operon_956,g14588,1
operon_148,g5912,3
operon_2141,g2365,6
operon_2141,g2364,7
operon_956,g14587,2
operon_956,g14586,3
operon_1629,g9887,1
operon_1629,g9886,2
operon_955,g14583,1
operon_955,g14582,2
operon_148,g5911,4
operon_955,g14581,3
operon_147,g5909,1
operon_147,g5908,2
operon_147,g5907,3
operon_146,g5906,1
operon_146,g5905,2
operon_146,g5904,3
operon_1626,g9867,1
operon_1626,g9866,2
operon_1626,g9865,3
operon_950,g14563,1
operon_950,g14562,2
operon_950,g14561,3
operon_950,g14560,4
operon_950,g14559,5
operon_950,g14558,6
operon_950,g14557,7
operon_140,GSOIDG00017554001,1
operon_140,g5883,2
operon_140,g5882,3
operon_1623,g9848,1
operon_1623,GSOIDG00011026001,2
operon_2130,g2320,1
operon_2130,g2319,2
operon_2130,g2318,3
operon_2130,g2317,4
operon_136,g5869,1
operon_136,g5868,2
operon_135,g5866,1
operon_135,g5865,2
operon_134,g5862,1
operon_134,g5861,2
operon_134,g5860_GSOIDG00017737001,3
operon_2127,g2308,1
operon_133,g5855,1
operon_946,g14522,1
operon_2127,g2307,2
operon_946,g14521,2
operon_133,g5854,2
operon_2127,g2306,3
operon_2126,g2303,1
operon_2126,g2302,2
operon_2126,g2301,3
operon_1615,g9798,1
operon_1615,g9797,2
operon_131,g5847,1
operon_131,g5846,2
operon_131,g5845,3
operon_131,g5844,4
operon_130,g5843,1
operon_130,g5842,2
operon_129,g5837,1
operon_129,g5836,2
operon_1613,g9788,1
operon_128,g5835,1
operon_128,g5834,2
operon_1613,g9787,2
operon_127,g5833,1
operon_127,g5832,2
operon_126,g5831,1
operon_126,g5830,2
operon_2123,g2281,1
operon_2123,g2280,2
operon_2123,g2279,3
operon_2123,g2278,4
operon_2123,g2277,5
operon_2123,g2276,6
operon_2123,g2275,7
operon_1611,g9777,1
operon_1611,g9776,2
operon_2123,g2274,8
operon_123,g5815,1
operon_123,g5814,2
operon_121,g5812,1
operon_121,g5811,2
operon_1609,g9760,1
operon_943,g14498,1
operon_1609,GSOIDG00002824001,2
operon_943,g14497,2
operon_1609,g9759,3
operon_1608,g9755,1
operon_1608,g9754,2
operon_1608,g9753,3
operon_119,g5804,1
operon_119,g5803,2
operon_1608,g9752,4
operon_2120,g2255,1
operon_2120,g2254,2
operon_2120,g2253,3
operon_2120,g2252,4
operon_1604,g9730,1
operon_1604,g9729,2
operon_1603,g9728,1
operon_1603,g9727,2
operon_1603,g9726,3
operon_1603,g9725,4
operon_1603,g9724,5
operon_1603,g9723,6
operon_1603,g9722,7
operon_1603,GSOIDG00005680001,8
operon_1600,g9720,1
operon_1600,g9719,2
operon_2119,g2238,1
operon_1599,g9717,1
operon_1599,g9716,2
operon_1599,g9715,3
operon_1598,GSOIDG00005672001,1
operon_2119,g2237,2
operon_1598,g9714,2
operon_1597,g9712,1
operon_1597,g9711,2
operon_1597,g9710,3
operon_112,g5767,1
operon_112,g5766,2
operon_112,g5765,3
operon_112,g5764,4
operon_1596,g9700,1
operon_1596,g9699,2
operon_111,g5761,1
operon_1596,g9698,3
operon_111,g5760,2
operon_1596,g9697,4
operon_1596,g9696,5
operon_111,g5759,3
operon_111,g5758,4
operon_1596,g9695,6
operon_1596,g9694,7
operon_111,g5757,5
operon_110,g5755,1
operon_110,g5754,2
operon_1594,g9681,1
operon_1594,g9680,2
operon_931,g14449,1
operon_931,g14448,2
operon_2115,g2208,1
operon_2115,g2207,2
operon_2115,g2206,3
operon_2115,g2205,4
operon_104,g5732,1
operon_104,g5731,2
operon_930,g14442,1
operon_104,g5730,3
operon_104,g5729,4
operon_930,g14441,2
operon_2114,g2202,1
operon_2114,g2201,2
operon_2113,g2200,1
operon_930,g14440,3
operon_103,g5728,1
operon_2113,g2199,2
operon_930,g14439,4
operon_103,g5727,2
operon_2112,g2197,1
operon_102,g5723,1
operon_2112,g2196,2
operon_102,g5722,2
operon_928,g14433,1
operon_99,g5719,1
operon_928,g14432,2
operon_928,GSOIDG00015022001,3
operon_99,g5718,2
operon_2111,g2193,1
operon_99,g5717,3
operon_99,g5716,4
operon_2111,g2192,2
operon_99,g5715,5
operon_99,g5714,6
operon_2111,g2191,3
operon_99,g5713,7
operon_98,g5710,1
operon_2110,g2188,1
operon_98,g5709,2
operon_2110,g2187,2
operon_98,g5708,3
operon_926,g14419,1
operon_926,g14418,2
operon_2108,GSOIDG00009220001,1
operon_926,g14417,3
operon_96,g5700,1
operon_2108,g2182,2
operon_96,g5699,2
operon_94,g5693,1
operon_94,g5692,2
operon_1587,g9645,1
operon_2106,g2176,1
operon_94,g5691,3
operon_2106,g2175,2
operon_1587,g9644,2
operon_93,g5690,1
operon_93,g5689,2
operon_93,g5688,3
operon_925,g14407,1
operon_925,g14406,2
operon_925,g14405,3
operon_925,g14404,4
operon_925,g14403,5
operon_91,g5684,1
operon_925,g14402,6
operon_925,g14401,7
operon_1586,g9640,1
operon_91,g5683,2
operon_91,g5682,3
operon_1586,g9639,2
operon_90,g5681,1
operon_1586,g9638,3
operon_90,g5680,2
operon_920,g14386,1
operon_920,g14385,2
operon_84,g5653,1
operon_84,g5652,2
operon_84,g5651,3
operon_84,g5650,4
operon_1582,g9620,1
operon_1582,g9619,2
operon_84,g5649,5
operon_2098,g2137,1
operon_2098,g2136,2
operon_2098,g2135,3
operon_2097,g2133,1
operon_2097,g2132,2
operon_1579,GSOIDG00001308001,1
operon_1579,g9600,2
operon_916,g14356,1
operon_916,GSOIDG00003889001,2
operon_79,g5626,1
operon_79,g5625,2
operon_78,g5624,1
operon_2092,g2112,1
operon_78,g5623,2
operon_2092,g2111,2
operon_913,g14349,1
operon_913,g14348,2
operon_2091,g2104,1
operon_2091,g2103,2
operon_911,g14339,1
operon_911,g14338,2
operon_75,g5604,1
operon_2090,GSOIDG00009317001,1
operon_75,g5603,2
operon_2090,GSOIDG00009318001,2
operon_2090,g2098,3
operon_2090,g2097,4
operon_1573,g9571,1
operon_1573,g9570,2
operon_1573,g9569,3
operon_1573,g9568,4
operon_1571,g9565,1
operon_1571,g9564,2
operon_74,g5595,1
operon_1571,g9563,3
operon_74,g5594,2
operon_908,g14331,1
operon_908,g14330,2
operon_1569,g9557,1
operon_1569,g9556,2
operon_73,g5589,1
operon_73,g5588,2
operon_72,g5587,1
operon_72,g5586,2
operon_72,g5585,3
operon_905,g14320,1
operon_905,g14319,2
operon_905,g14318,3
operon_904,g14317,1
operon_904,g14316,2
operon_902,g14313,1
operon_902,g14312,2
operon_2084,g2071,1
operon_902,g14311,3
operon_2084,g2070,2
operon_902,g14309,4
operon_2084,g2069,3
operon_2084,g2068,4
operon_2084,g2067,5
operon_902,g14308,5
operon_902,g14307,6
operon_902,g14306,7
operon_901,g14304,1
operon_901,g14303,2
operon_901,g14302,3
operon_2083,g2062,1
operon_901,g14301,4
operon_1565,g9533,1
operon_1565,g9532,2
operon_2083,g2061,2
operon_898,g14291,1
operon_898,g14290,2
operon_1564,g9529,1
operon_1564,g9528,2
operon_68,g5565,1
operon_68,g5564,2
operon_2080,g2052,1
operon_2080,g2051,2
operon_2077,g2050,1
operon_2077,g2049,2
operon_2076,g2048,1
operon_896,g14284,1
operon_2076,g2047,2
operon_2075,GSOIDG00009384001,1
operon_2075,g2046,2
operon_2075,g2045,3
operon_65,g5554,1
operon_896,g14283,2
operon_65,g5553,2
operon_65,g5552,3
operon_1560,g9519,1
operon_2074,g2040,1
operon_2074,g2039,2
operon_1560,g9518,2
operon_62,g5541,1
operon_62,g5540,2
operon_2073,g2031,1
operon_2073,g2030,2
operon_891,g14260,1
operon_891,g14259,2
operon_890,g14256,1
operon_890,g14255,2
operon_59,g5526,1
operon_59,g5525,2
operon_59,g5524,3
operon_2072,g2018,1
operon_2072,g2017,2
operon_2071,g2016,1
operon_2071,g2015,2
operon_1558,g9496,1
operon_1558,g9495,2
operon_1558,g9494,3
operon_1558,g9493,4
operon_1557,g9491,1
operon_1557,g9490,2
operon_2068,g1996,1
operon_2068,g1995,2
operon_2067,g1993,1
operon_2067,GSOIDG00009445001,2
operon_2067,g1992,3
operon_2067,g1991,4
operon_56,GSOIDG00013286001,1
operon_56,GSOIDG00013288001,2
operon_55,g5496,1
operon_55,g5495,2
operon_1554,g9468,1
operon_1554,g9467,2
operon_1552,g9459,1
operon_1552,g9458,2
operon_53,GSOIDG00013307001,1
operon_53,g5482,2
operon_53,g5481,3
operon_2062,g1964,1
operon_2062,g1963,2
operon_879,g14201,1
operon_879,g14200,2
operon_879,g14199,3
operon_2062,g1962,3
operon_2062,g1961,4
operon_51,g5463,1
operon_51,g5462,2
operon_51,g5461,3
operon_2055,g1938,1
operon_2055,GSOIDG00009511001,2
operon_870,g14153,1
operon_870,g14152,2
operon_46,g5436,1
operon_46,g5435,2
operon_46,g5434,3
operon_44,g5431,1
operon_44,g5430,2
operon_44,g5429,3
operon_1536,g9393,1
operon_1536,g9392,2
operon_2054,g1927,1
operon_2054,g1926,2
operon_1533,g9379,1
operon_40,g5411,1
operon_1533,g9378,2
operon_2051,g1911,1
operon_40,g5410,2
operon_865,g14124,1
operon_865,g14123,2
operon_40,g5409,3
operon_2051,g1910,2
operon_40,g5408,4
operon_40,g5407,5
operon_40,g5406,6
operon_40,g5405,7
operon_40,g5404,8
operon_2050,g1905,1
operon_2050,g1904,2
operon_864,g14115,1
operon_864,g14114,2
operon_864,g14113,3
operon_2048,g1900,1
operon_2048,g1899,2
operon_2048,g1898,3
operon_2048,g1897,4
operon_2048,g1896,5
operon_1528,g9363,1
operon_2048,g1895,6
operon_1528,g9362,2
operon_1527,g9355,1
operon_1527,g9354,2
operon_2047,g1885,1
operon_1527,g9353,3
operon_1527,g9352,4
operon_1526,g9351,1
operon_2047,g1884,2
operon_1526,g9350,2
operon_2045,g1877,1
operon_2045,g1876,2
operon_2044,g1875,1
operon_856,g14089,1
operon_2044,g1874,2
operon_856,g14088,2
operon_856,g14087,3
operon_1523,g9338,1
operon_1523,g9337,2
operon_1521,g9333,1
operon_1521,g9332,2
operon_1521,g9331,3
operon_1520,g9330,1
operon_1520,g9329,2
operon_30,g5364,1
operon_30,g5363,2
operon_1517,g9316,1
operon_851,g14065,1
operon_851,g14064,2
operon_1517,g9315,2
operon_1517,g9314,3
operon_851,g14063,3
operon_28,g5360,1
operon_28,g5359,2
operon_1516,g9312,1
operon_1516,g9311,2
operon_1516,g9310,3
operon_27,g5355,1
operon_27,g5354,2
operon_1514,g9307,1
operon_1514,g9306,2
operon_1514,g9305,3
operon_1514,g9304,4
operon_848,g14046,1
operon_848,g14045,2
operon_1512,g9286,1
operon_846,g14038,1
operon_846,g14037,2
operon_1512,g9285,2
operon_846,g14035,3
operon_846,GSOIDG00004865001,4
operon_846,GSOIDG00004866001,5
operon_1511,GSOIDG00002389001,1
operon_846,g14033,6
operon_845,g14032,1
operon_845,g14031,2
operon_21,GSOIDG00015724001,1
operon_1511,g9282,2
operon_21,g5334,2
operon_1510,g9275,1
operon_1510,g9274,2
operon_1508,g9270,1
operon_1508,g9269,2
operon_840,GSOIDG00004890001,1
operon_840,g14007,2
operon_2036,g1826,1
operon_17,g5314,1
operon_2036,g1825,2
operon_2036,g1824,3
operon_17,g5313,2
operon_17,g5312,3
operon_2035,g1823,1
operon_17,g5311,4
operon_1507,g9267,1
operon_2035,g1822,2
operon_1507,g9266,2
operon_2034,g1821,1
operon_2034,g1820,2
operon_15,g5299,1
operon_15,g5298,2
operon_2033,g1810,1
operon_13,g5294,1
operon_13,g5293,2
operon_2033,g1809,2
operon_2033,g1808,3
operon_2032,g1805,1
operon_2032,g1804,2
operon_11,g5283,1
operon_11,g5282,2
operon_11,g5281,3
operon_836,g13979,1
operon_836,g13978,2
operon_2029,g1795,1
operon_2029,g1794,2
operon_2029,g1793,3
operon_2029,g1792,4
operon_833,g13972,1
operon_833,g13971,2
operon_2029,g1791,5
operon_2028,g1788,1
operon_2028,GSOIDG00009102001,2
operon_7,g5266,1
operon_7,g5265,2
operon_7,g5264,3
operon_2027,g1783,1
operon_2027,g1782,2
operon_2027,g1781,3
operon_1501,g9226,1
operon_1501,g9225,2
operon_1501,g9224,3
operon_1501,g9223,4
operon_1500,g9222,1
operon_1500,g9221,2
operon_1500,g9220,3
operon_1500,g9219,4
operon_1499,g9217,1
operon_1499,g9216,2
operon_6,g5255,1
operon_6,g5254,2
operon_6,g5253,3
operon_6,g5252,4
operon_6,g5251,5
operon_5,g5250,1
operon_5,g5249,2
operon_1498,g9213,1
operon_832,g13949,1
operon_4,g5247,1
operon_832,g13948,2
operon_4,g5246,2
operon_1498,g9212,2
operon_831,g13946,1
operon_831,GSOIDG00004961001,2
operon_831,GSOIDG00004962001,3
operon_829,g13941,1
operon_829,g13940,2
operon_828,g13937,1
operon_828,g13936,2
operon_828,g13935,3
operon_2024,GSOIDG00009035001,1
operon_828,g13934,4
operon_1497,g9202,1
operon_2024,GSOIDG00009036001,2
operon_1497,g9201,2
operon_827,g13930,1
operon_827,g13929,2
operon_1497,g9200,3
operon_1497,g9199,4
operon_826,g13928,1
operon_826,g13927,2
operon_1495,g9193,1
operon_1495,g9192,2
operon_825,g13924,1
operon_825,g13923,2
operon_825,g13922,3
operon_1494,g9189,1
operon_1494,g9188,2
operon_2022,g1757,1
operon_1494,g9187,3
operon_2022,g1756,2
operon_2649,g5220,1
operon_1493,g9185,1
operon_2649,g5219,2
operon_824,g13915,1
operon_824,g13914,2
operon_1493,g9184,2
operon_1489,g9174,1
operon_1489,g9173,2
operon_1489,g9172,3
operon_821,g13902,1
operon_1489,g9171,4
operon_821,g13901,2
operon_1488,g9169,1
operon_1488,g9168,2
operon_1485,g9160,1
operon_1485,g9159,2
operon_1483,g9156,1
operon_1483,g9155,2
operon_816,g13883,1
operon_816,g13882,2
operon_2642,g5193,1
operon_2642,GSOIDG00008790001,2
operon_814,g13879,1
operon_2017,g1724,1
operon_2017,g1723,2
operon_814,g13878,2
operon_2016,GSOIDG00008099001,1
operon_2016,GSOIDG00008100001,2
operon_813,g13871,1
operon_813,g13870,2
operon_1478,g9139,1
operon_1478,g9138,2
operon_812,g13868,1
operon_812,g13867,2
operon_811,g13866,1
operon_811,g13865,2
operon_810,GSOIDG00005050001,1
operon_2011,g1704,1
operon_810,g13863,2
operon_2011,g1703,2
operon_2639,g5180,1
operon_2639,g5179,2
operon_1475,g9125,1
operon_1475,g9124,2
operon_1475,g9123,3
operon_2008,g1693,1
operon_2008,g1692,2
operon_2007,g1690,1
operon_2007,g1689,2
operon_2007,g1688,3
operon_2637,g5160,1
operon_2637,g5159,2
operon_2003,g1675,1
operon_806,GSOIDG00005076001,1
operon_2003,g1674,2
operon_806,g13844,2
operon_2636,g5153,1
operon_2636,g5152,2
operon_2636,g5151,3
operon_2001,g1662,1
operon_2001,g1661,2
operon_2001,g1660,3
operon_2001,g1659,4
operon_2000,g1658,1
operon_1468,GSOIDG00017314001,1
operon_2000,g1657,2
operon_1468,g9079,2
operon_1468,g9078,3
operon_1467,g9073,1
operon_1467,g9072,2
operon_1998,g1647,1
operon_1998,g1646,2
operon_1980,GSOIDG00011520001,1
operon_1980,GSOIDG00011519001,2
operon_797,g13801,1
operon_797,g13800,2
operon_797,g13799,3
operon_797,g13798,4
operon_1944,g1625,1
operon_1944,g1624,2
operon_1944,g1623,3
operon_1944,g1622,4
operon_1464,g9052,1
operon_1464,g9051,2
operon_1924,g1616,1
operon_1924,g1615,2
operon_1463,g9048,1
operon_1463,g9047,2
operon_1462,g9046,1
operon_1462,g9045,2
operon_1462,g9044,3
operon_1461,g9043,1
operon_1461,g9042,2
operon_793,GSOIDG00005489001,1
operon_793,g13769,2
operon_2626,g5095,1
operon_2626,g5094,2
operon_1458,g9034,1
operon_1458,g9033,2
operon_788,g13755,1
operon_788,g13754,2
operon_787,g13751,1
operon_787,g13750,2
operon_1891,g1592,1
operon_1891,g1591,2
operon_2622,g5081,1
operon_786,GSOIDG00015467001,1
operon_2622,g5080,2
operon_786,GSOIDG00015469001,2
operon_786,g13746,3
operon_785,g13744,1
operon_2621,g5076,1
operon_785,g13743,2
operon_2621,g5075,2
operon_1872,g1581,1
operon_1872,g1580,2
operon_1862,g1577,1
operon_1862,g1576,2
operon_1862,g1575,3
operon_1455,g9007,1
operon_780,g13726,1
operon_780,g13725,2
operon_1455,g9006,2
operon_1454,g9004,1
operon_1454,g9003,2
operon_779,g13723,1
operon_779,g13722,2
operon_1833,g1567,1
operon_1833,g1566,2
operon_1833,g1565,3
operon_1833,g1564,4
operon_1833,g1563,5
operon_1833,g1562,6
operon_1824,g1561,1
operon_1824,g1560,2
operon_1824,g1559,3
operon_1824,g1558,4
operon_1824,g1557,5
operon_1824,g1556,6
operon_778,g13713,1
operon_778,g13712,2
operon_1799,g1549,1
operon_1799,g1548,2
operon_1799,g1547,3
operon_2617,g5042,1
operon_1799,g1546,4
operon_2617,g5041,2
operon_1799,g1545,5
operon_1799,g1544,6
operon_2616,g5038,1
operon_1799,g1543,7
operon_2616,g5037,2
operon_2616,g5036,3
operon_1799,g1542,8
operon_1799,g1541,9
operon_2614,g5035,1
operon_2614,g5034,2
operon_2614,g5033,3
operon_2614,g5032,4
operon_2614,g5031,5
operon_774,g13684,1
operon_774,g13683,2
operon_774,g13682,3
operon_1725,g1505,1
operon_1725,g1504,2
operon_1725,g1503,3
operon_1725,g1502,4
operon_1725,g1501,5
operon_1712,g1500,1
operon_1712,GSOIDG00011798001,2
operon_1664,g1483,1
operon_1664,g1482,2
operon_1446,g8958,1
operon_1446,g8957,2
operon_1446,g8955,3
operon_1446,g8954,4
operon_1445,g8953,1
operon_1445,g8952,2
operon_766,g13644,1
operon_766,g13643,2
operon_765,g13641,1
operon_765,g13640,2
operon_1444,g8946,1
operon_1444,g8945,2
operon_764,g13630,1
operon_764,g13629,2
operon_763,g13627,1
operon_763,g13626,2
operon_763,g13625,3
operon_763,g13624,4
operon_1635,g1457,1
operon_762,g13623,1
operon_1635,g1456,2
operon_762,GSOIDG00009533001,2
operon_761,GSOIDG00009535001,1
operon_761,g13621,2
operon_761,g13620,3
operon_759,g13614,1
operon_759,g13613,2
operon_757,g13597,1
operon_757,g13596,2
operon_757,g13595,3
operon_1602,g1442,1
operon_1602,g1441,2
operon_753,g13585,1
operon_753,g13584,2
operon_2604,g4958,1
operon_2604,g4957,2
operon_753,g13583,3
operon_2603,g4954,1
operon_752,g13582,1
operon_1583,g1429,1
operon_2603,g4953,2
operon_752,g13581,2
operon_1583,g1428,2
operon_752,g13580,3
operon_1572,g1422,1
operon_1572,g1421,2
operon_751,g13575,1
operon_1442,g8929,1
operon_751,g13574,2
operon_1442,g8928,2
operon_750,g13573,1
operon_1442,g8927,3
operon_750,g13571,2
operon_749,g13570,1
operon_749,g13569,2
operon_1555,g1418,1
operon_749,GSOIDG00009577001,3
operon_1555,g1417,2
operon_1546,g1416,1
operon_1546,g1415,2
operon_1546,g1414,3
operon_1439,g8915,1
operon_1439,g8914,2
operon_1438,g8911,1
operon_1438,g8910,2
operon_1438,g8909,3
operon_2595,g4921,1
operon_2595,g4920,2
operon_2594,g4918,1
operon_2594,g4917,2
operon_1434,g8896,1
operon_1434,g8895,2
operon_2593,g4914,1
operon_2593,g4913,2
operon_2592,g4911,1
operon_2592,g4910,2
operon_2591,g4909,1
operon_2591,g4908,2
operon_2590,g4907,1
operon_747,g13540,1
operon_2590,g4906,2
operon_747,g13539,2
operon_2590,g4905,3
operon_1430,g8881,1
operon_746,g13538,1
operon_1430,g8880,2
operon_2589,g4904,1
operon_746,g13537,2
operon_746,g13536,3
operon_2589,g4903,2
operon_1429,g8878,1
operon_1429,g8877,2
operon_1471,g1383,1
operon_1471,g1382,2
operon_1471,g1381,3
operon_1471,g1380,4
operon_1471,g1379,5
operon_1460,g1378,1
operon_1460,g1377,2
operon_2587,g4891,1
operon_2587,g4890,2
operon_2587,g4889,3
operon_2587,g4888,4
operon_744,g13529,1
operon_744,g13528,2
operon_2587,g4887,5
operon_2586,g4886,1
operon_2586,g4885,2
operon_2586,g4884,3
operon_1440,g1369,1
operon_2586,g4883,4
operon_1440,g1368,2
operon_2585,g4881,1
operon_2585,g4880,2
operon_2584,g4878,1
operon_2584,g4877,2
operon_742,g13519,1
operon_742,g13518,2
operon_1425,g8833,1
operon_1425,g8832,2
operon_735,g13485,1
operon_2581,g4861,1
operon_2581,g4860,2
operon_735,g13484,2
operon_2580,g4857,1
operon_2580,g4856,2
operon_2580,g4855,3
operon_2580,g4854,4
operon_2580,g4853,5
operon_2579,g4851,1
operon_2579,g4850,2
operon_2579,g4849,3
operon_2579,g4848,4
operon_2578,g4847,1
operon_2578,g4846,2
operon_1352,g1325,1
operon_1352,g1324,2
operon_2576,g4832,1
operon_2576,g4831,2
operon_731,g13451,1
operon_731,g13450,2
operon_731,g13449,3
operon_2576,g4830,3
operon_731,g13448,4
operon_2576,g4829,4
operon_1314,g1311,1
operon_1314,g1310,2
operon_2575,g4824,1
operon_2575,g4823,2
operon_1306,g1305,1
operon_1306,g1304,2
operon_1306,g1303,3
operon_1306,g1302,4
operon_1306,g1301,5
operon_1286,g1291,1
operon_1286,g1290,2
operon_727,g13428,1
operon_727,g13427,2
operon_1279,g1288,1
operon_1279,g1287,2
operon_724,g13413,1
operon_724,g13412,2
operon_1243,g1272,1
operon_1243,g1271,2
operon_1417,g8761,1
operon_1417,g8760,2
operon_1234,g1269,1
operon_2568,g4778,1
operon_1234,g1268,2
operon_2568,g4777,2
operon_2567,g4776,1
operon_1225,g1267,1
operon_2567,g4775,2
operon_721,g13396,1
operon_721,g13395,2
operon_2566,g4771,1
operon_1225,g1266,2
operon_2566,g4770,2
operon_721,g13394,3
operon_2566,g4769,3
operon_2565,g4768,1
operon_720,g13393,1
operon_720,g13392,2
operon_2565,g4767,2
operon_719,g13391,1
operon_719,g13390,2
operon_1413,g8753,1
operon_2564,g4764,1
operon_1413,g8752,2
operon_2564,g4763,2
operon_1216,g1264,1
operon_1216,g1263,2
operon_1207,g1262,1
operon_2563,g4760,1
operon_2563,g4759,2
operon_1207,g1261,2
operon_718,g13383,1
operon_2563,g4758,3
operon_718,g13382,2
operon_2563,g4757,4
operon_2563,g4756,5
operon_1198,g1258,1
operon_1198,g1257,2
operon_2562,g4755,1
operon_1198,g1256,3
operon_1187,g1255,1
operon_2562,g4754,2
operon_1187,g1254,2
operon_1187,g1253,3
operon_1410,g8736,1
operon_1410,g8735,2
operon_1187,g1252,4
operon_2561,g4750,1
operon_2561,g4749,2
operon_2560,g4748,1
operon_2560,g4747,2
operon_716,g13364,1
operon_716,g13363,2
operon_1408,g8727,1
operon_715,g13362,1
operon_1408,g8726,2
operon_1155,g1244,1
operon_1155,g1243,2
operon_715,g13361,2
operon_715,GSOIDG00008369001,3
operon_715,g13360,4
operon_714,g13357,1
operon_714,g13356,2
operon_1144,g1238,1
operon_1144,g1237,2
operon_1133,g1233,1
operon_1133,g1232,2
operon_1132,g1231,1
operon_1132,g1230,2
operon_712,g13347,1
operon_1121,g1228,1
operon_712,g13346,2
operon_1121,g1227,2
operon_711,g13345,1
operon_711,g13344,2
operon_1111,g1225,1
operon_1111,g1224,2
operon_710,g13342,1
operon_1111,g1223,3
operon_710,g13341,2
operon_1100,g1221,1
operon_1100,g1220,2
operon_1100,g1219,3
operon_710,g13340,3
operon_709,GSOIDG00007578001,1
operon_709,g13337,2
operon_709,g13336,3
operon_709,g13335,4
operon_709,g13334,5
operon_708,g13333,1
operon_708,g13332,2
operon_1072,g1207,1
operon_1072,g1206,2
operon_1071,g1205,1
operon_1071,g1204,2
operon_1071,g1203,3
operon_1071,g1202,4
operon_1071,g1200,5
operon_705,g13322,1
operon_705,g13321,2
operon_1053,g1192,1
operon_704,g13317,1
operon_1053,g1191,2
operon_704,GSOIDG00008331001,2
operon_2553,g4709,1
operon_704,GSOIDG00008330001,3
operon_704,GSOIDG00008329001,4
operon_2553,g4708,2
operon_2552,g4705,1
operon_2552,g4704,2
operon_2551,g4703,1
operon_2551,g4702,2
operon_2551,g4701,3
operon_2551,g4700,4
operon_2551,g4699,5
operon_2549,g4695,1
operon_2549,g4694,2
operon_2544,g4681,1
operon_700,g13296,1
operon_2544,g4680,2
operon_1037,g1179,1
operon_700,g13295,2
operon_1037,g1178,2
operon_700,g13294,3
operon_700,g13293,4
operon_2542,g4676,1
operon_2542,g4675,2
operon_697,g13286,1
operon_697,g13285,2
operon_695,g13281,1
operon_695,g13280,2
operon_694,g13278,1
operon_2541,g4673,1
operon_694,GSOIDG00006985001,2
operon_694,g13277,3
operon_1017,g1169,1
operon_2541,g4672,2
operon_1017,g1168,2
operon_1007,g1167,1
operon_1007,g1166,2
operon_2540,g4667,1
operon_2540,g4666,2
operon_2539,g4664,1
operon_2539,g4663,2
operon_2538,g4662,1
operon_2538,g4661,2
operon_2538,g4660,3
operon_2533,g4647,1
operon_2533,g4646,2
operon_691,g13240,1
operon_1395,g8634,1
operon_691,g13239,2
operon_1395,g8633,2
operon_691,g13238,3
operon_691,g13237,4
operon_690,g13236,1
operon_690,g13235,2
operon_2530,g4636,1
operon_2530,g4635,2
operon_981,g1145,1
operon_981,g1144,2
operon_1393,g8618,1
operon_1393,g8617,2
operon_1392,g8615,1
operon_1392,g8614,2
operon_962,g1137,1
operon_962,g1136,2
operon_2528,g4625,1
operon_2528,g4624,2
operon_2528,g4623,3
operon_2527,g4622,1
operon_2527,g4621,2
operon_2527,g4620,3
operon_2526,g4613,1
operon_2526,g4612,2
operon_2526,g4611,3
operon_2524,g4598,1
operon_2524,g4597,2
operon_2522,g4588,1
operon_2522,g4587,2
operon_680,g13166,1
operon_680,g13165,2
operon_680,g13164,3
operon_1384,g8556,1
operon_1384,g8555,2
operon_1384,g8554,3
operon_679,g13157,1
operon_679,g13156,2
operon_679,g13155,3
operon_1382,g8544,1
operon_1382,g8543,2
operon_679,g13154,4
operon_2513,g4533,1
operon_2513,g4532,2
operon_932,g1095,1
operon_932,g1094,2
operon_675,g13139,1
operon_675,g13138,2
operon_675,g13137,3
operon_675,g13136,4
operon_674,g13134,1
operon_674,g13133,2
operon_674,g13132,3
operon_674,g13131,4
operon_1377,g8507,1
operon_915,g1079,1
operon_915,g1078,2
operon_674,g13130,5
operon_673,g13129,1
operon_2510,g4505,1
operon_673,g13128,2
operon_673,g13127,3
operon_1377,g8506,2
operon_2510,g4504,2
operon_1376,g8505,1
operon_1376,g8504,2
operon_672,g13124,1
operon_672,g13123,2
operon_2507,g4495,1
operon_2507,g4494,2
operon_670,g13115,1
operon_670,g13114,2
operon_669,g13113,1
operon_669,g13112,2
operon_2506,g4487,1
operon_669,g13111,3
operon_2506,g4486,2
operon_1374,g8479,1
operon_1374,g8478,2
operon_2503,g4480,1
operon_2503,g4479,2
operon_1373,g8476,1
operon_1373,g8475,2
operon_2502,g4471,1
operon_2502,g4470,2
operon_667,g13095,1
operon_667,g13094,2
operon_2501,g4468,1
operon_2501,g4467,2
operon_667,g13093,3
operon_667,g13092,4
operon_667,g13091,5
operon_667,g13090,6
operon_667,g13089,7
operon_663,g13071,1
operon_663,g13070,2
operon_662,g13068,1
operon_1372,g8465,1
operon_662,g13067,2
operon_1372,g8464,2
operon_1371,g8463,1
operon_661,g13066,1
operon_1371,g8462,2
operon_661,g13065,2
operon_2499,g4450,1
operon_2499,g4449,2
operon_860,g1032,1
operon_860,g1031,2
operon_1368,g8451,1
operon_1368,g8450,2
operon_1367,g8448,1
operon_1367,g8447,2
operon_850,g1021,1
operon_850,g1020,2
operon_850,g1019,3
operon_2497,g4434,1
operon_2497,g4433,2
operon_2497,g4432,3
operon_2495,g4426,1
operon_657,g13033,1
operon_657,g13032,2
operon_2495,g4425,2
operon_657,g13031,3
operon_657,g13030,4
operon_657,g13029,5
operon_815,g1004,1
operon_815,g1003,2
operon_657,g13028,6
operon_815,g1002,3
operon_1366,g8428,1
operon_1366,g8427,2
operon_2493,g4414,1
operon_1365,g8423,1
operon_776,g993,1
operon_1365,g8422,2
operon_776,g992,2
operon_2493,g4413,2
operon_655,g13010,1
operon_655,g13009,2
operon_654,g13004,1
operon_654,g13003,2
operon_1364,g8413,1
operon_1364,g8412,2
operon_1364,g8411,3
operon_756,g975,1
operon_756,g974,2
operon_745,g972,1
operon_745,g971,2
operon_651,g12985,1
operon_651,GSOIDG00006587001,2
operon_651,g12984,3
operon_728,g961,1
operon_1360,g8396,1
operon_1360,GSOIDG00009777001,2
operon_728,g960,2
operon_2483,g4367,1
operon_2483,g4366,2
operon_2483,g4365,3
operon_2483,g4364,4
operon_2481,g4362,1
operon_2481,g4361,2
operon_2481,g4360,3
operon_2481,g4359,4
operon_646,g12958,1
operon_646,g12957,2
operon_696,g942,1
operon_645,g12955,1
operon_645,g12954,2
operon_645,g12953,3
operon_696,GSOIDG00002660001,2
operon_685,GSOIDG00002661001,1
operon_645,g12952,4
operon_685,g941,2
operon_644,g12951,1
operon_644,g12950,2
operon_644,g12949,3
operon_666,g937,1
operon_666,g936,2
operon_2480,g4344,1
operon_2480,g4343,2
operon_656,g931,1
operon_656,g930,2
operon_641,g12931,1
operon_641,g12930,2
operon_641,g12929,3
operon_640,g12925,1
operon_640,g12924,2
operon_598,g911,1
operon_598,g910,2
operon_635,g12897,1
operon_635,g12896,2
operon_635,g12895,3
operon_2474,g4299,1
operon_2474,g4298,2
operon_2474,g4297,3
operon_2474,g4296,4
operon_633,g12886,1
operon_633,g12885,2
operon_632,g12884,1
operon_632,g12883,2
operon_631,g12882,1
operon_631,g12881,2
operon_631,g12880,3
operon_631,g12879,4
operon_631,g12878,5
operon_631,g12877,6
operon_525,g875,1
operon_525,g874,2
operon_628,g12864,1
operon_628,g12863,2
operon_627,g12862,1
operon_627,g12861,2
operon_627,g12860,3
operon_627,g12859,4
operon_483,g857,1
operon_483,g856,2
operon_625,g12855,1
operon_2471,g4279,1
operon_625,g12854,2
operon_2471,g4278,2
operon_483,g855,3
operon_1349,g8313,1
operon_1349,g8312,2
operon_2469,g4270,1
operon_2469,g4269,2
operon_2468,g4266,1
operon_2468,g4265,2
operon_452,g835,1
operon_452,g834,2
operon_2465,g4249,1
operon_2465,g4248,2
operon_619,g12810,1
operon_619,g12809,2
operon_394,g808,1
operon_394,g807,2
operon_2459,g4210,1
operon_614,g12792,1
operon_2459,g4209,2
operon_614,g12791,2
operon_1341,g8244,1
operon_1341,g8243,2
operon_1340,g8239,1
operon_1340,g8238,2
operon_1340,g8237,3
operon_2457,g4177,1
operon_2457,g4176,2
operon_2456,g4174,1
operon_2456,g4173,2
operon_1337,g8222,1
operon_1337,g8221,2
operon_606,g12755,1
operon_2454,g4164,1
operon_2454,g4163,2
operon_1336,g8220,1
operon_606,g12754,2
operon_1336,g8219,2
operon_605,g12752,1
operon_605,g12751,2
operon_605,g12750,3
operon_1334,g8215,1
operon_1334,g8214,2
operon_1334,g8213,3
operon_2451,g4147,1
operon_604,g12740,1
operon_604,g12739,2
operon_2451,g4146,2
operon_1331,g8201,1
operon_1331,g8200,2
operon_602,g12729,1
operon_602,g12728,2
operon_2449,g4137,1
operon_2449,GSOIDG00004133001,2
operon_1329,g8193,1
operon_1329,g8192,2
operon_2449,GSOIDG00004134001,3
operon_2448,GSOIDG00004135001,1
operon_2448,g4135,2
operon_2446,g4130,1
operon_2446,g4129,2
operon_2445,g4128,1
operon_2445,g4127,2
operon_288,g735,1
operon_288,g734,2
operon_599,g12710,1
operon_599,g12709,2
operon_264,g729,1
operon_599,g12708,3
operon_264,g728,2
operon_1328,g8185,1
operon_1328,g8184,2
operon_264,g727,3
operon_264,g726,4
operon_264,g725,5
operon_264,g724,6
operon_264,g723,7
operon_2440,g4110,1
operon_593,g12697,1
operon_593,g12696,2
operon_592,g12695,1
operon_592,g12694,2
operon_2440,g4109,2
operon_592,g12693,3
operon_591,g12691,1
operon_2439,g4106,1
operon_591,g12690,2
operon_2439,g4105,2
operon_251,g709,1
operon_251,g708,2
operon_589,g12677,1
operon_589,g12676,2
operon_589,g12675,3
operon_589,g12674,4
operon_589,g12673,5
operon_2438,g4095,1
operon_2438,g4094,2
operon_587,g12666,1
operon_587,g12665,2
operon_586,g12664,1
operon_586,g12663,2
operon_2436,g4084,1
operon_586,g12662,3
operon_2436,g4083,2
operon_586,g12661,4
operon_586,g12660,5
operon_586,g12659,6
operon_586,g12658,7
operon_586,GSOIDG00012467001,8
operon_586,GSOIDG00012466001,9
operon_2435,g4076,1
operon_2435,g4075,2
operon_584,g12652,1
operon_584,g12651,2
operon_2434,GSOIDG00004148001,1
operon_2434,GSOIDG00004149001,2
operon_2434,g4072,3
operon_2434,g4071,4
operon_2434,g4070,5
operon_2433,g4069,1
operon_2433,g4068,2
operon_2432,g4065,1
operon_2432,g4064,2
operon_2428,g4052,1
operon_2428,g4051,2
operon_2428,g4050,3
operon_2428,g4049,4
operon_580,g12629,1
operon_580,g12628,2
operon_580,g12627,3
operon_2427,g4043,1
operon_2427,g4042,2
operon_580,g12626,4
operon_1320,g8116,1
operon_580,GSOIDG00012086001,5
operon_580,g12625,6
operon_580,g12624,7
operon_1320,g8115,2
operon_579,g12621,1
operon_579,g12620,2
operon_579,g12619,3
operon_162,g650,1
operon_162,g649,2
operon_151,g648,1
operon_577,g12607,1
operon_577,GSOIDG00003439001,2
operon_151,g647,2
operon_576,GSOIDG00003438001,1
operon_576,g12605,2
operon_576,g12604,3
operon_2425,g4013,1
operon_2425,g4012,2
operon_2424,g4011,1
operon_2424,g4010,2
operon_2424,g4009,3
operon_2424,g4008,4
operon_571,g12587,1
operon_571,g12586,2
operon_1200,g15812,1
operon_1200,g15811,2
operon_1200,g15810,3
operon_1316,g8083,1
operon_1199,g15807,1
operon_1316,g8082,2
operon_1199,g15806,2
operon_1199,g15805,3
operon_1197,g15804,1
operon_1197,g15803,2
operon_1197,g15802,3
operon_1197,g15801,4
operon_1196,g15800,1
operon_1196,g15799,2
operon_1196,g15798,3
operon_1196,g15797,4
operon_2417,g3978,1
operon_1313,g8074,1
operon_2417,g3977,2
operon_1313,g8073,2
operon_1313,g8072,3
operon_1313,g8071,4
operon_1312,g8069,1
operon_2416,g3974,1
operon_2416,g3973,2
operon_1312,g8068,2
operon_1312,g8067,3
operon_567,g12562,1
operon_567,GSOIDG00003394001,2
operon_567,g12561,3
operon_567,g12560,4
operon_567,g12559,5
operon_567,g12558,6
operon_566,g12556,1
operon_566,g12555,2
operon_566,g12554,3
operon_101,g612,1
operon_101,g611,2
operon_2415,g3960,1
operon_80,g604,1
operon_80,g603,2
operon_2415,g3959,2
operon_1192,g15783,1
operon_1192,g15782,2
operon_69,g598,1
operon_69,g597,2
operon_561,g12535,1
operon_561,g12534,2
operon_54,g590,1
operon_54,g589,2
operon_560,g12532,1
operon_560,g12531,2
operon_35,g577,1
operon_35,g576,2
operon_35,g575,3
operon_2413,g3927,1
operon_2413,g3926,2
operon_551,g12505,1
operon_551,g12504,2
operon_2411,g3910,1
operon_2411,g3909,2
operon_1305,g7994,1
operon_1305,g7993,2
operon_2406,g3884,1
operon_2406,g3883,2
operon_2406,g3882,3
operon_2406,g3881,4
operon_1304,g7989,1
operon_1185,g15746,1
operon_2404,g3879,1
operon_2404,g3878,2
operon_1185,g15745,2
operon_1304,g7988,2
operon_1184,g15744,1
operon_1184,g15743,2
operon_1184,g15742,3
operon_1184,g15741,4
operon_1184,g15740,5
operon_546,g12446,1
operon_546,g12445,2
operon_1183,g15737,1
operon_1183,g15736,2
operon_1183,g15735,3
operon_1183,g15734,4
operon_542,g12429,1
operon_542,g12428,2
operon_2607,GSOIDG00005971001,1
operon_2607,GSOIDG00005972001,2
operon_2607,g510,3
operon_2400,g3845,1
operon_2400,g3844,2
operon_1303,g7964,1
operon_1303,g7963,2
operon_1181,g15725,1
operon_1181,g15724,2
operon_1301,g7958,1
operon_539,g12410,1
operon_2588,g502,1
operon_1301,g7957,2
operon_2588,g501,2
operon_539,g12409,2
operon_538,g12408,1
operon_538,g12407,2
operon_2396,g3828,1
operon_2396,g3827,2
operon_2394,g3798,1
operon_2394,g3797,2
operon_2536,g461,1
operon_1180,g15705,1
operon_2536,g460,2
operon_1180,g15704,2
operon_2391,g3776,1
operon_2391,g3775,2
operon_522,g12333,1
operon_522,g12332,2
operon_2517,g455,1
operon_2517,g454,2
operon_1293,g7894,1
operon_1179,g15700,1
operon_1293,g7893,2
operon_1179,g15699,2
operon_1178,g15697,1
operon_1178,g15696,2
operon_1177,g15695,1
operon_1177,g15694,2
operon_2389,g3759,1
operon_2389,g3758,2
operon_1290,g7872,1
operon_1290,g7871,2
operon_1176,g15688,1
operon_1176,g15687,2
operon_2388,g3748,1
operon_1175,g15685,1
operon_2388,g3747,2
operon_1175,g15684,2
operon_1174,g15683,1
operon_1174,g15682,2
operon_1174,g15681,3
operon_513,g12292,1
operon_513,g12291,2
operon_1288,g7852,1
operon_1288,g7851,2
operon_1287,g7850,1
operon_1287,g7849,2
operon_1173,g15675,1
operon_1173,g15674,2
operon_1172,g15671,1
operon_1172,g15670,2
operon_2398,g398,1
operon_2398,g397,2
operon_2384,g3714,1
operon_2382,g389,1
operon_2382,g388,2
operon_2384,g3713,2
operon_2384,g3712,3
operon_1284,g7829,1
operon_1284,g7828,2
operon_1170,g15655,1
operon_1170,g15654,2
operon_1170,g15653,3
operon_1170,g15652,4
operon_1170,g15651,5
operon_507,g12238,1
operon_1281,g7809,1
operon_1281,g7808,2
operon_507,g12237,2
operon_1168,g15644,1
operon_1168,g15643,2
operon_2335,g358,1
operon_2335,g357,2
operon_2379,g3676,1
operon_1167,g15638,1
operon_1167,g15637,2
operon_1167,g15636,3
operon_1277,g7788,1
operon_2379,g3675,2
operon_1277,g7787,2
operon_1165,g15635,1
operon_1165,g15634,2
operon_2377,g3669,1
operon_2377,g3668,2
operon_1163,g15629,1
operon_2297,g342,1
operon_2297,g341,2
operon_1163,g15628,2
operon_2297,g340,3
operon_1274,g7773,1
operon_1163,g15627,3
operon_1274,g7772,2
operon_1163,g15626,4
operon_2375,GSOIDG00013061001,1
operon_1162,g15625,1
operon_1274,g7771,3
operon_1162,g15624,2
operon_2375,g3659,2
operon_1162,g15623,3
operon_1272,g7764,1
operon_1272,g7763,2
operon_1271,g7757,1
operon_500,g12195,1
operon_1271,g7756,2
operon_1271,g7755,3
operon_500,g12194,2
operon_2225,g317,1
operon_2225,g316,2
operon_1268,g7739,1
operon_1268,g7738,2
operon_1268,g7737,3
operon_497,GSOIDG00015141001,1
operon_1268,g7736,4
operon_497,g12180,2
operon_497,g12179,3
operon_1160,g15612,1
operon_1268,g7735,5
operon_1160,g15611,2
operon_1268,g7734,6
operon_1268,g7733,7
operon_1268,g7732,8
operon_2370,g3631,1
operon_2370,g3630,2
operon_2370,g3629,3
operon_2369,g3628,1
operon_2369,g3627,2
operon_2369,g3626,3
operon_495,g12164,1
operon_2368,g3621,1
operon_2368,g3620,2
operon_2368,g3619,3
operon_1159,g15605,1
operon_495,g12163,2
operon_495,g12162,3
operon_1159,g15604,2
operon_495,g12161,4
operon_1267,g7724,1
operon_1267,g7723,2
operon_494,g12159,1
operon_494,g12158,2
operon_494,g12157,3
operon_2195,g296,1
operon_2195,g295,2
operon_1265,g7715,1
operon_1265,g7714,2
operon_1157,g15597,1
operon_1157,g15596,2
operon_1157,g15595,3
operon_1157,g15594,4
operon_1157,g15593,5
operon_493,g12145,1
operon_493,g12144,2
operon_493,g12143,3
operon_493,g12142,4
operon_2364,g3591,1
operon_2364,g3590,2
operon_1156,g15587,1
operon_1156,g15586,2
operon_1263,g7700,1
operon_1263,g7699,2
operon_2361,g3579,1
operon_2361,g3578,2
operon_489,GSOIDG00015088001,1
operon_489,GSOIDG00015087001,2
operon_2360,g3576,1
operon_2360,g3575,2
operon_2360,g3574,3
operon_2359,g3571,1
operon_2359,g3570,2
operon_2358,g3565,1
operon_2358,g3564,2
operon_2356,g3555,1
operon_2356,g3554,2
operon_2356,g3553,3
operon_2356,g3552,4
operon_480,g12097,1
operon_2118,g252,1
operon_2118,g251,2
operon_480,g12096,2
operon_1257,g7667,1
operon_479,g12094,1
operon_1257,g7666,2
operon_479,g12093,2
operon_478,g12092,1
operon_478,g12091,2
operon_1256,g7659,1
operon_1256,g7658,2
operon_1151,g15558,1
operon_2100,g240,1
operon_1151,g15557,2
operon_476,g12083,1
operon_2100,g239,2
operon_2099,g238,1
operon_2099,g237,2
operon_2099,g236,3
operon_1252,g7643,1
operon_2089,g235,1
operon_1252,g7642,2
operon_476,g12082,2
operon_2089,g234,2
operon_2089,g233,3
operon_474,g12070,1
operon_474,g12069,2
operon_474,g12068,3
operon_474,g12067,4
operon_2069,g220,1
operon_2069,g219,2
operon_2354,g3517,1
operon_2354,g3516,2
operon_2354,g3515,3
operon_2354,g3514,4
operon_2353,g3513,1
operon_2353,g3512,2
operon_2352,g3510,1
operon_2352,GSOIDG00012591001,2
operon_472,g12052,1
operon_472,g12051,2
operon_471,g12050,1
operon_471,g12049,2
operon_1246,g7594,1
operon_1246,g7593,2
operon_2351,g3497,1
operon_2351,g3496,2
operon_2052,g206,1
operon_1245,g7592,1
operon_2052,g205,2
operon_2349,g3491,1
operon_2349,g3490,2
operon_2349,g3489,3
operon_2348,g3487,1
operon_1245,g7591,2
operon_2348,g3486,2
operon_2348,g3485,3
operon_2348,g3484,4
operon_2347,g3479,1
operon_2347,g3478,2
operon_2347,g3477,3
operon_1148,g15530,1
operon_1148,g15529,2
operon_467,g12024,1
operon_467,g12023,2
operon_2345,g3465,1
operon_2345,g3464,2
operon_465,g12020,1
operon_465,g12019,2
operon_465,g12018,3
operon_465,g12017,4
operon_465,g12016,5
operon_465,g12015,6
operon_464,g12014,1
operon_1147,g15526,1
operon_1147,g15525,2
operon_1147,g15524,3
operon_2343,g3462,1
operon_2343,g3461,2
operon_464,g12013,2
operon_462,g12012,1
operon_462,g12011,2
operon_2014,g180,1
operon_2014,g179,2
operon_1146,g15521,1
operon_1146,g15520,2
operon_2342,g3455,1
operon_1145,g15519,1
operon_2342,g3454,2
operon_1145,g15518,2
operon_1143,g15517,1
operon_1143,g15516,2
operon_2004,g175,1
operon_2004,g174,2
operon_2004,g173,3
operon_2340,g3443,1
operon_1973,g168,1
operon_2340,g3442,2
operon_1973,g167,2
operon_1973,g166,3
operon_1973,g165,4
operon_1141,g15507,1
operon_1141,g15506,2
operon_1140,g15505,1
operon_1140,g15504,2
operon_1238,g7530,1
operon_1238,g7529,2
operon_1139,GSOIDG00012775001,1
operon_1139,g15500,2
operon_1233,g7511,1
operon_1233,g7510,2
operon_1233,g7509,3
operon_1692,g143,1
operon_1692,g142,2
operon_1414,g132,1
operon_1414,g131,2
operon_1230,g7491,1
operon_455,g11966,1
operon_455,g11965,2
operon_1230,g7490,2
operon_1136,g15478,1
operon_1136,g15477,2
operon_453,g11956,1
operon_453,g11955,2
operon_1135,g15470,1
operon_1135,g15469,2
operon_1224,g7458,1
operon_1224,g7457,2
operon_1223,g7447,1
operon_1223,g7446,2
operon_1223,g7445,3
operon_1223,g7444,4
operon_1223,g7443,5
operon_2331,g3364,1
operon_2331,g3363,2
operon_2331,g3362,3
operon_446,g11916,1
operon_446,g11915,2
operon_1219,g7419,1
operon_1219,g7418,2
operon_445,g11913,1
operon_445,g11912,2
operon_1219,g7417,3
operon_1218,g7416,1
operon_1218,g7415,2
operon_1215,g7401,1
operon_1215,g7400,2
operon_1215,g7399,3
operon_1215,g7398,4
operon_443,g11903,1
operon_443,g11902,2
operon_2324,g3335,1
operon_2324,g3334,2
operon_1131,g15454,1
operon_1131,g15453,2
operon_1212,g7379,1
operon_1212,g7378,2
operon_1210,g7371,1
operon_1210,g7370,2
operon_572,g77,1
operon_439,g11885,1
operon_439,g11884,2
operon_1130,g15449,1
operon_1130,g15448,2
operon_572,g76,2
operon_438,g11882,1
operon_438,g11881,2
operon_384,g73,1
operon_384,g72,2
operon_2318,g3309,1
operon_2318,g3308,2
operon_2317,g3306,1
operon_435,g11872,1
operon_2317,g3305,2
operon_287,g67,1
operon_435,g11871,2
operon_287,g66,2
operon_1128,g15440,1
operon_2316,g3301,1
operon_1128,g15439,2
operon_1208,g7359,1
operon_1208,g7358,2
operon_2316,g3300,2
operon_1126,g15436,1
operon_1126,g15435,2
operon_1126,g15434,3
operon_1126,g15433,4
operon_1126,g15432,5
operon_433,g11860,1
operon_1125,g15431,1
operon_433,g11859,2
operon_1125,g15430,2
operon_2313,g3291,1
operon_2313,g3290,2
operon_414,g7274,1
operon_414,g7273,2
operon_430,g11849,1
operon_414,g7272,3
operon_430,g11848,2
operon_430,g11847,3
operon_2462,g42,1
operon_2462,g41,2
operon_412,g7269,1
operon_412,g7268,2
operon_412,g7267,3
operon_412,g7266,4
operon_411,g7263,1
operon_411,g7262,2
operon_1123,g15420,1
operon_411,g7261,3
operon_1203,g7336,1
operon_411,g7260,4
operon_1123,g15419,2
operon_1203,g7335,2
operon_1202,g7334,1
operon_1202,g7333,2
operon_1123,g15418,3
operon_2312,g3270,1
operon_2312,g3269,2
operon_2372,g34,1
operon_2372,g33,2
operon_429,g11834,1
operon_429,g11833,2
operon_406,g7246,1
operon_406,g7245,2
operon_1122,g15414,1
operon_428,g11829,1
operon_1122,g15413,2
operon_2175,g24,1
operon_428,g11828,2
operon_2175,g23,2
operon_405,g7240,1
operon_405,g7239,2
operon_2309,g3245,1
operon_2309,g3244,2
operon_2308,g3243,1
operon_2308,g3242,2
operon_424,g11810,1
operon_424,g11809,2
operon_420,g11800,1
operon_420,g11799,2
operon_417,g11787,1
operon_417,g11786,2
operon_416,g11782,1
operon_416,g11781,2
operon_2305,g3205,1
operon_2305,g3204,2
